INSERT INTO "appuser"(id, name, last_name) VALUES
(1, 'Евгений', 'Гараничев'),
(2, 'Александр', 'Логинов'),
(3, 'Антон', 'Шипулин'),
(4, 'Алена', 'Иванова'),
(5, 'Анастасия', 'Смирнова'),
(6, 'Евгений', 'Брюшкин'),
(7, 'Дмитрий', 'Малышко'),
(8, 'Марина', 'Стрельцова'),
(9, 'Ирина', 'Сапожникова'),
(10, 'Александр', 'Легков'),
(11, 'Светлана', 'Смирнова'),
(12, 'Петр', 'Андреев'),
(13, 'Тимофей', 'Лапшин'),
(14, 'Алексей', 'Волков'),
(15, 'Николай', 'Круглов'),
(16, 'Николай', 'Седов'),
(17, 'Ирина', 'Велерьева'),
(18, 'Екатерина', 'Новикова'),
(19, 'Никита', 'Крюков'),
(20, 'Евгений', 'Белов');

INSERT INTO account(login, last_logon_date, user_id, id) VALUES
('g-evgeniy', current_timestamp, 1, 1),
('loginov', current_timestamp, 2, 2),
('ship', current_timestamp, 3, 3),
('elenka', current_timestamp, 4, 4),
('ana', current_timestamp, 5, 5),
('legko6', current_timestamp, 6, 6),
('mal', current_timestamp, 7, 7),
('strelec', current_timestamp, 8, 8),
('ira9', current_timestamp, 9, 9),
('legcov', current_timestamp, 10, 10),
('glazz', current_timestamp, 11, 11),
('peter', current_timestamp, 12, 12),
('lapsh', current_timestamp, 13, 13),
('volk', current_timestamp, 14, 14),
('kryg', current_timestamp, 15, 15),
('ced-v', current_timestamp, 16, 16),
('irr87', current_timestamp, 17, 17),
('nova', current_timestamp, 18, 18),
('ran', current_timestamp, 19, 19),
('bel', current_timestamp, 20, 20);

INSERT INTO message(id, user_id, creation_date, text) VALUES
(1, 1, current_timestamp, 'Привет всем, меня зовут Евгений. '),
(2, 1, current_timestamp, 'Немного темно.'),
(3, 2, current_timestamp, 'Привет. Мое имя Александр. :)'),
(4, 2, current_timestamp, 'Я здесь новенький.');